Case ID,"Sex (M=1, F=2)",SES
1,2,1
2,1,3
3,1,1
4,1,1
5,2,2
6,1,1
7,2,2
8,2,1
9,2,2
10,1,1
11,2,2
12,1,2
13,1,3
14,2,2
15,1,1
16,2,1
17,2,1
18,2,3
19,2,4
20,1,3
21,2,3
22,2,3
23,2,3
24,2,3
25,2,1
26,2,3
27,2,2
28,1,3
29,1,3
30,2,2
31,1,1
32,1,2
33,1,2
34,2,1
35,1,3
36,1,1
37,2,1
38,2,1
39,1,3
40,2,1
41,2,3
42,2,3
43,1,1
44,1,3
45,2,1
46,1,4
47,2,2
48,2,2
49,1,4
50,2,1
51,2,4
52,1,3
53,2,3
54,2,3
55,2,3
56,1,2
57,1,2
58,1,3
59,2,1
60,2,3
61,2,2
62,2,2
63,2,2
64,2,2
65,2,1
66,2,2
67,2,1
68,1,4
69,1,3
70,2,4
71,1,1
72,1,1
73,2,1
74,1,1
75,2,3
76,2,3
77,2,2
78,2,2
79,2,3
80,1,2
81,1,3
82,1,2
83,2,3
84,1,3
85,2,2
86,1,2
87,2,1
88,1,2
89,1,1
90,2,1
91,2,1
92,2,2
93,2,3
94,1,2
95,2,3
96,2,1
97,2,1
98,2,1
99,1,4
100,2,3
101,1,2
102,1,3
103,2,2
104,2,3
105,1,4
106,2,2
107,2,1
108,1,2
109,1,1
110,2,1
111,1,3
112,2,3
113,2,2
114,2,1
115,2,3
116,2,1
117,2,3
118,1,1
119,1,1
120,2,3
121,1,3
122,2,3
123,2,1
124,2,1
125,2,2
126,2,1
127,1,1
128,1,1
129,1,2
130,1,2
131,1,3
132,2,2
133,1,3
134,1,3
135,2,3
136,2,1
137,2,1
138,1,1
139,2,1
140,2,1
141,2,3
142,1,1
143,2,3
144,1,3
145,2,1
146,2,1
147,2,1
148,1,2
149,2,3
150,2,1
151,1,3
152,2,1
153,2,1
154,2,2
155,2,2
156,2,2
157,2,1
158,2,1
159,2,1
160,2,2
161,2,2
162,2,3
163,1,3
164,2,3
165,1,2
166,1,1
167,1,1
168,2,1
169,2,1
170,1,3
171,2,4
172,1,1
173,1,3
174,2,1
175,2,1
176,2,2
177,1,3
178,2,1
179,2,1
180,2,1
181,2,1
182,1,2
183,2,3
184,2,1
185,2,2
186,1,1
187,2,1
188,2,3
189,2,1
190,2,1
191,2,2
192,2,2
193,2,2
194,1,2
195,1,1
196,2,1
197,1,1
198,1,1
199,1,1
200,1,2
201,1,1
202,1,1
203,2,1
204,1,3
205,2,3
206,1,3
207,1,2
208,1,1
209,1,1
210,1,2
211,1,3
212,2,3
213,2,1
214,1,1
215,1,3
216,2,1
217,1,1
218,1,3
219,1,2
220,1,1
221,1,2
222,1,1
223,2,4
224,2,3
225,1,4
226,1,1
227,2,1
228,1,4
229,1,2
230,1,3
231,1,1
232,2,1
233,2,1
234,2,2
235,2,3
236,2,1
237,2,1
238,2,4
239,1,4
240,2,1
241,2,2
242,2,2
243,2,3
244,2,3
245,2,3
246,2,4
247,2,4
248,1,1
249,2,1
250,2,2
251,2,2
252,2,3
253,2,3
254,2,1
255,1,4
256,1,3
257,1,1
258,2,1
259,1,2
260,2,2
261,2,2
262,1,2
263,2,2
264,2,1
265,2,3
266,2,3
267,2,2
268,2,3
269,2,2
270,2,2
271,2,2
272,2,1
273,1,1
274,2,2
275,2,1
276,2,2
277,2,3
278,2,2
279,2,4
280,1,2
281,2,2
282,1,2
283,2,3
284,2,1
285,2,1
286,1,3
287,2,3
288,2,2
289,2,1
290,2,3
291,2,1
292,1,4
293,1,1
294,2,1
295,2,1
296,1,2
297,2,2
298,2,1
299,2,1
300,1,1
301,2,1
302,2,1
303,2,1
304,1,1
305,2,2
306,2,1
307,2,3
308,2,1
309,2,2
310,2,3
311,2,2
312,2,2
313,2,2
314,1,3
315,2,3
316,2,1
317,2,2
318,1,3
319,2,1
320,2,2
321,2,2
322,2,1
323,2,3
324,1,3
325,2,2
326,2,1
327,2,1
328,2,4
329,1,1
330,1,1
331,2,1
332,2,2
333,1,1
334,1,2
335,1,2
336,2,3
337,1,1
338,1,1
339,2,2
340,1,2
341,1,2
342,1,2
343,2,1
344,1,3
345,1,1
346,2,2
347,2,2
348,2,3
349,1,2
350,2,4
351,2,3
352,2,1
353,1,3
354,1,1
355,2,3
356,2,1
357,2,4
358,1,2
359,2,2
360,2,4
361,1,2
362,2,2
363,1,2
364,2,1
365,1,1
366,1,3
367,1,1
368,2,1
369,2,4
370,2,3
371,1,1
372,2,2
373,1,1
374,2,1
375,1,4
376,2,2
377,2,1
378,1,2
379,1,4
380,2,2
381,2,3
382,1,3
383,2,3
384,2,2
385,2,2
386,2,1
387,1,3
388,1,4
389,2,4
390,2,4
391,1,3
392,1,4
393,2,2
394,2,2
395,2,1
396,2,1
397,2,1
398,2,1
399,1,1
400,2,1
401,2,3
402,1,4
403,2,3
404,2,4
405,2,2
406,2,1
407,1,3
408,2,2
409,2,3
410,1,2
411,1,2
412,2,1
413,1,1
414,2,2
415,2,2
416,2,2
417,1,1
418,1,1
419,2,1
420,1,1
421,2,2
422,1,2
423,2,1
424,2,3
425,2,1
426,2,1
427,2,1
428,2,3
429,2,3
430,2,2
431,2,1
432,2,1
433,1,1
434,1,1
435,1,3
436,2,1
437,2,3
438,1,2
439,2,2
440,2,3
441,1,3
442,2,2
443,2,3
444,2,1
445,2,1
446,2,2
447,1,3
448,1,2
449,2,2
450,2,1
451,2,1
452,2,2
453,1,3
454,2,1
455,2,1
456,2,2
457,2,1
458,2,1
459,2,1
460,2,2
461,2,1
462,2,1
463,1,4
464,2,1
465,2,3
466,2,3
467,1,2
468,2,2
469,2,3
470,1,2
471,2,1
472,2,2
473,1,3
474,1,3
475,2,3
476,2,2
477,2,1
478,2,1
479,2,2
480,1,1
481,2,1
482,1,1
483,1,2
484,1,3
485,2,1
486,2,3
487,2,2
488,1,3
489,1,2
490,2,1
491,2,1
492,2,1
493,1,4
494,2,3
495,1,3
496,2,2
497,1,2
498,1,4
499,2,2
500,2,2
501,2,1
502,1,4
503,2,2
504,1,1
505,2,1
506,2,1
507,2,1
508,2,1
509,2,2
510,1,2
511,2,1
512,2,2
513,2,3
514,2,2
515,2,1
516,2,2
517,2,4
518,2,1
519,2,1
520,2,1
521,1,3
522,2,1
523,2,2
524,1,1
525,1,1
526,2,1
527,2,1
528,2,1
529,2,3
530,2,1
531,2,1
532,1,2
533,2,1
534,1,3
535,2,1
536,1,2
537,2,2
538,2,3
539,2,1
540,1,3
541,2,3
542,2,1
543,2,3
544,2,1
545,2,1
546,2,2
547,2,3
548,1,1
549,2,1
550,2,1
551,2,1
552,1,2
553,2,1
554,2,3
555,2,3
556,1,3
557,2,1
558,2,3
559,2,2
560,2,1
561,2,2
562,1,3
563,1,2
564,2,1
565,1,1
566,2,1
567,1,2
568,2,2
569,2,2
570,1,2
571,1,4
572,1,2
573,2,3
574,1,2
575,2,1
576,2,2
577,1,3
578,1,3
579,1,3
580,2,4
581,1,4
582,1,3
583,2,3
584,1,2
585,2,2
586,2,4
587,2,3
588,2,3
589,1,3
590,2,2
591,2,2
592,2,1
593,1,3
594,2,4
595,2,2
596,1,3
597,2,3
598,2,1
599,1,2
600,1,1
601,1,3
602,2,1
603,1,3
604,2,1
605,1,1
606,2,1
607,1,2
608,1,4
609,1,2
610,2,3
611,1,2
612,2,1
613,1,2
614,2,3
615,2,1
616,2,2
617,2,1
618,2,2
619,2,2
620,2,3
621,2,3
622,2,1
623,2,2
624,2,2
625,2,1
626,2,1
627,2,2
628,2,1
629,1,2
630,2,1
631,2,2
632,1,2
633,2,1
634,1,2
635,2,4
636,1,1
637,1,2
638,1,1
639,1,2
640,1,2
641,2,4
642,2,3
643,2,3
644,2,2
645,1,3
646,2,3
647,1,2
648,2,1
649,1,3
650,2,3
651,2,3
652,2,4
653,2,2
654,1,3
655,2,2
656,1,1
657,2,2
658,1,3
659,2,3
660,1,1
661,2,1
662,2,1
663,2,2
664,2,3
665,1,2
666,2,1
667,1,1
668,2,1
669,2,1
670,1,1
671,2,1
672,2,4
673,2,3
674,2,3
675,2,1
676,2,4
677,1,4
678,2,3
679,2,2
680,2,2
681,1,3
682,2,1
683,2,2
684,2,1
685,1,2
686,2,2
687,1,2
688,1,3
689,2,3
690,2,1
691,2,3
692,1,4
693,2,3
694,2,1
695,2,2
696,2,1
697,2,1
698,2,2
699,2,4
700,1,2
701,2,2
702,2,4
703,2,1
704,2,2
705,2,3
706,2,2
707,2,2
708,2,2
709,2,2
710,2,1
711,2,3
712,1,2
713,2,1
714,2,4
715,1,4
716,2,1
717,2,2
718,2,3
719,2,2
720,2,2
721,2,2
722,2,1
723,2,1
724,2,1
725,2,2
726,2,1
727,2,2
728,1,2
729,1,4
730,1,1
731,1,3
732,2,2
733,2,3
734,2,3
735,2,2
736,2,2
737,1,2
738,2,1
739,2,2
740,1,3
741,2,1
742,1,3
743,1,3
744,2,3
745,1,4
746,2,3
747,1,4
748,2,1
749,2,4
750,2,2
751,2,1
752,1,2
753,2,2
754,2,1
755,2,1
756,2,3
757,1,1
758,2,2
759,1,2
760,2,2
761,2,1
762,1,3
763,2,1
764,2,3
765,2,1
766,2,2
767,2,1
768,2,4
769,1,3
770,1,2
771,2,1
772,1,3
773,2,2
774,1,2
775,1,2
776,2,4
777,1,3
778,1,4
779,2,2
780,1,3
781,1,1
782,2,4
783,2,2
784,1,1
785,1,1
786,2,2
787,1,3
788,2,3
789,1,1
790,1,2
791,2,2
792,2,1
793,1,2
794,1,3
795,2,1
796,1,1
797,2,2
798,2,1
799,1,2
800,2,2
801,2,1
802,1,1
803,1,3
804,2,4
805,2,1
806,1,4
807,2,2
808,2,1
809,2,3
810,1,3
811,1,3
812,1,3
813,2,1
814,2,4
815,2,2
816,2,2
817,1,2
818,2,1
819,2,2
820,2,1
821,1,1
822,2,2
823,2,1
824,2,1
825,2,2
826,2,2
827,1,3
828,2,1
829,2,3
830,2,3
831,2,3
832,1,3
833,2,3
834,2,3
835,2,1
836,2,2
837,2,1
838,1,3
839,1,1
840,1,2
841,1,2
842,2,2
843,2,2
844,2,4
845,2,4
846,2,1
847,2,2
848,2,2
849,2,2
850,1,1
851,2,1
852,2,2
853,2,3
854,1,3
855,1,3
856,2,2
857,2,1
858,2,1
859,2,2
860,2,3
861,1,3
862,2,4
863,2,2
864,2,4
865,2,1
866,2,2
867,2,2
868,1,4
869,1,3
870,2,1
871,1,3
872,1,1
873,2,1
874,2,4
875,1,1
876,2,3
877,2,1
878,1,1
879,2,3
880,1,2
881,1,2
882,2,2
883,1,1
884,2,1
885,2,3
886,2,2
887,2,4
888,1,1
889,2,2
890,2,2
891,2,2
892,2,4
893,2,3
894,2,2
895,2,3
896,1,3
897,2,2
898,1,4
899,2,4
900,2,3
901,1,4
902,1,2
903,1,1
904,2,1
905,2,3
906,2,4
907,2,2
908,1,2
909,1,2
910,2,1
911,2,1
912,2,2
913,2,3
914,2,4
915,2,1
916,1,2
917,1,1
918,2,2
919,1,4
920,2,3
921,1,3
922,1,1
923,2,1
924,2,2
925,2,1
926,2,1
927,2,3
928,1,4
929,1,3
930,2,3
931,2,1
932,2,2
933,2,3
934,1,1
935,2,3
936,2,2
937,1,3
938,2,3
939,1,4
940,2,3
941,2,1
942,2,2
943,2,3
944,2,1
945,1,2
946,2,2
947,2,1
948,1,1
949,2,1
950,2,1
951,1,4
952,1,3
953,2,2
954,2,1
955,2,1
956,2,2
957,2,2
958,2,1
959,1,1
960,2,4
961,2,1
962,2,1
963,2,1
964,2,2
965,1,2
966,2,3
967,1,2
968,2,1
969,1,2
970,2,4
971,1,2
972,2,4
973,2,3
974,1,4
975,1,1
976,2,2
977,1,3
978,2,3
979,1,3
980,2,3
981,1,3
982,1,3
983,2,1
984,2,2
985,1,2
986,2,1
987,2,2
988,1,1
989,2,2
990,1,1
991,2,1
992,2,1
993,2,1
994,2,3
995,1,4
996,1,2
997,2,3
998,1,2
999,2,1
1000,1,2
1001,2,3
1002,2,2
1003,2,3
1004,2,3
1005,2,1
1006,1,1
1007,1,3
1008,1,3
1009,2,3
1010,2,4
1011,2,3
1012,2,3
1013,2,4
1014,1,2
1015,2,2
1016,1,3
1017,2,3
1018,2,1
1019,2,3
1020,2,4
1021,1,4
1022,2,2
1023,2,3
1024,1,4
1025,2,2
1026,1,1
1027,2,2
1028,2,3
1029,1,1
1030,2,2
1031,1,2
1032,2,2
1033,2,1
1034,1,1
1035,1,3
1036,1,2
1037,2,4
1038,2,3
1039,1,2
1040,2,2
1041,2,4
1042,2,2
1043,2,2
1044,2,4
1045,2,1
1046,2,2
1047,2,1
1048,2,2
1049,2,4
1050,2,3
1051,2,3
1052,2,1
1053,1,4
1054,2,2
1055,1,1
1056,2,2
1057,2,3
1058,1,2
1059,2,2
1060,2,2
1061,2,1
1062,2,4
1063,2,2
1064,1,1
1065,2,1
1066,2,1
1067,2,4
1068,2,1
1069,2,1
1070,1,1
1071,2,1
1072,2,2
1073,2,3
1074,2,3
1075,1,4
1076,1,3
1077,2,3
1078,2,1
1079,2,2
1080,1,3
1081,2,1
1082,2,2
1083,1,4
1084,2,1
1085,2,4
1086,1,1
1087,2,3
1088,2,3
1089,2,3
1090,2,2
1091,2,3
1092,2,1
1093,1,2
1094,2,2
1095,1,2
1096,1,4
1097,2,2
1098,1,2
1099,2,1
1100,2,2
1101,2,2
1102,2,3
1103,2,1
1104,1,3
1105,1,2
1106,2,2
1107,1,3
1108,2,2
1109,2,1
1110,1,4
1111,2,2
1112,1,2
1113,2,2
1114,2,2
1115,1,2
1116,2,1
1117,1,3
1118,2,1
1119,1,3
1120,1,1
1121,1,1
1122,2,1
1123,2,4
1124,1,4
1125,2,3
1126,1,3
1127,1,3
1128,1,3
1129,2,1
1130,2,1
1131,2,2
1132,1,3
1133,2,3
1134,1,2
1135,2,2
1136,2,1
1137,1,1
1138,2,2
1139,1,2
1140,1,1
1141,1,3
1142,2,1
1143,2,2
1144,2,1
1145,2,3
1146,2,2
1147,1,1
1148,1,2
1149,1,1
1150,1,2
1151,2,2
1152,2,2
1153,2,4
1154,2,3
1155,2,1
1156,2,1
1157,1,3
1158,2,3
1159,2,2
1160,1,4
1161,2,2
1162,2,2
1163,2,2
1164,1,2
1165,2,3
1166,2,2
1167,1,4
1168,2,1
1169,2,2
1170,1,1
1171,2,1
1172,2,1
1173,1,2
1174,2,2
1175,1,3
1176,2,1
1177,1,1
1178,2,1
1179,1,1
1180,1,3
1181,2,1
1182,2,1
1183,1,3
1184,2,3
1185,1,3
1186,1,3
1187,2,3
1188,2,3
1189,2,3
1190,2,3
1191,1,3
1192,2,2
1193,2,2
1194,2,2
1195,2,3
1196,2,3
1197,2,2
1198,1,2
1199,2,2
1200,2,2
1201,1,3
1202,2,2
1203,1,3
1204,2,3
1205,1,1
1206,2,2
1207,2,2
1208,2,3
1209,2,2
1210,1,1
1211,1,2
1212,2,1
1213,2,3
1214,2,1
1215,1,2
1216,2,1
1217,1,1
1218,1,3
1219,1,3
1220,1,3
1221,1,2
1222,1,4
1223,1,4
1224,2,3
1225,2,2
1226,2,2
1227,2,1
1228,1,1
1229,2,1
1230,2,2
1231,1,1
1232,2,4
1233,2,4
1234,2,1
1235,2,2
1236,1,4
1237,1,3
1238,2,1
1239,2,1
1240,1,2
1241,2,3
1242,1,2
1243,1,2
1244,2,1
1245,2,3
1246,2,1
1247,1,1
1248,1,4
1249,2,2
1250,2,1
1251,1,1
1252,1,2
1253,1,4
1254,2,4
1255,1,4
1256,2,4
1257,2,1
1258,2,1
1259,2,2
1260,2,3
1261,2,1
1262,2,2
1263,2,2
1264,1,2
1265,2,3
1266,2,3
1267,2,3
1268,2,4
1269,2,2
1270,2,1
1271,2,3
1272,2,2
1273,2,1
1274,2,1
1275,1,3
1276,1,3
1277,1,2
1278,1,3
1279,1,2
1280,2,3
1281,1,3
1282,2,2
1283,1,3
1284,1,2
1285,2,2
1286,1,2
1287,2,2
1288,2,2
1289,2,1
1290,2,2
1291,1,2
1292,1,1
1293,2,1
1294,1,1
1295,2,3
1296,2,1
1297,2,3
1298,2,3
1299,2,1
1300,1,1
1301,1,2
1302,2,2
1303,2,2
1304,1,3
1305,2,2
1306,2,3
1307,2,3
1308,1,2
1309,2,1
1310,1,3
1311,1,3
1312,2,2
1313,2,1
1314,1,3
1315,2,3
1316,2,2
1317,2,3
1318,1,1
1319,2,2
1320,2,1
1321,1,3
1322,2,3
1323,2,1
1324,2,1
1325,2,1
1326,2,1
1327,2,1
1328,2,1
1329,1,2
1330,2,3
1331,1,3
1332,1,4
1333,2,2
1334,2,3
1335,2,2
1336,2,2
1337,1,3
1338,1,2
1339,2,2
1340,1,1
1341,2,1
1342,2,1
1343,2,4
1344,2,2
1345,2,3
1346,2,1
1347,2,4
1348,2,2
1349,2,2
1350,2,2
1351,1,2
1352,2,2
1353,1,2
1354,2,3
1355,2,3
1356,1,1
1357,2,1
1358,2,1
1359,1,1
1360,1,1
1361,2,2
1362,2,1
1363,2,2
1364,2,1
1365,2,2
1366,2,2
1367,1,3
1368,2,2
1369,1,1
1370,2,1
1371,2,3
1372,2,2
1373,2,1
1374,1,3
1375,2,1
1376,2,1
1377,1,1
1378,2,2
1379,2,4
1380,1,3
1381,2,1
1382,1,3
1383,1,4
1384,2,1
1385,2,1
1386,2,2
1387,2,1
1388,2,1
1389,2,2
1390,1,3
1391,2,1
1392,2,4
1393,2,2
1394,2,1
1395,2,4
1396,2,3
1397,2,3
1398,2,3
1399,2,3
1400,1,3
1401,2,1
1402,2,2
1403,1,2
1404,2,1
1405,2,3
1406,2,1
1407,1,3
1408,2,3
1409,2,2
1410,2,3
1411,1,2
1412,2,3
1413,1,2
1414,2,2
1415,2,1
1416,1,4
1417,2,1
1418,2,1
1419,1,4
1420,2,2
1421,2,3
1422,2,1
1423,1,1
1424,1,3
1425,2,1
1426,2,1
1427,1,1
1428,1,3
1429,2,2
1430,2,2
1431,2,2
1432,2,2
1433,2,2
1434,2,1
1435,2,3
1436,2,4
1437,1,3
1438,1,4
1439,2,2
1440,2,1
1441,2,2
1442,1,4
1443,2,1
1444,1,1
1445,1,3
1446,2,3
1447,2,3
1448,2,3
1449,2,3
1450,2,1
1451,2,2
1452,2,1
1453,2,2
1454,2,2
1455,1,4
1456,2,1
1457,2,1
1458,2,1
1459,2,2
1460,2,2
1461,2,1
1462,2,2
1463,2,1
1464,2,3
1465,2,2
1466,1,2
1467,2,1
1468,2,1
1469,2,1
1470,1,1
1471,2,2
1472,1,1
1473,2,4
1474,2,1
1475,1,2
1476,2,2
1477,1,1
1478,2,1
1479,2,1
1480,1,3
1481,1,1
1482,1,2
1483,2,1
1484,2,3
1485,1,4
1486,1,2
1487,2,1
1488,1,1
1489,1,2
1490,2,3
1491,1,4
1492,1,4
1493,1,3
1494,2,1
1495,2,4
1496,1,2
1497,1,2
1498,2,2
1499,1,3
1500,1,4
1501,1,1
1502,2,2
1503,2,3
1504,1,4
1505,1,4
1506,2,1
1507,2,2
1508,1,1
1509,2,3
1510,1,2
1511,1,3
1512,1,3
1513,1,2
1514,2,1
1515,1,1
1516,1,1
1517,2,2
1518,2,2
1519,1,3
1520,2,3
1521,2,1
1522,2,3
1523,2,3
1524,1,3
1525,2,2
1526,2,1
1527,2,3
1528,1,3
1529,1,3
1530,2,2
1531,2,1
1532,2,1
1533,2,1
1534,2,1
1535,1,1
1536,2,1
1537,2,2
1538,2,2
1539,2,3
1540,2,3
1541,2,2
1542,2,1
1543,2,3
1544,2,3
1545,2,1
1546,2,1
1547,2,2
1548,2,1
1549,2,1
1550,2,1
1551,1,1
1552,2,1
1553,2,3
1554,2,2
1555,2,3
1556,1,2
1557,2,3
1558,2,3
1559,2,3
1560,2,2
1561,1,2
1562,2,3
1563,1,4
1564,2,4
1565,2,2
1566,1,2
1567,2,2
1568,1,1
1569,2,2
1570,2,1
1571,1,1
1572,1,3
1573,1,4
1574,2,1
1575,2,2
1576,2,1
1577,1,1
1578,1,1
1579,2,4
1580,1,2
1581,2,2
1582,1,3
1583,2,3
1584,2,1
1585,1,1
1586,2,3
1587,2,2
1588,1,1
1589,1,2
1590,1,2
1591,1,4
1592,1,3
1593,2,2
1594,2,3
1595,2,1
1596,2,1
1597,1,1
1598,1,1
1599,2,4
1600,2,3
1601,2,1
1602,2,2
1603,1,3
1604,2,2
1605,2,3
1606,1,3
1607,1,3
1608,2,2
1609,2,1
1610,2,2
1611,1,2
1612,2,3
1613,2,2
1614,1,3
1615,1,1
1616,2,2
1617,1,1
1618,2,4
1619,1,2
1620,2,3
1621,2,2
1622,1,3
1623,2,3
1624,1,3
1625,2,2
1626,1,2
1627,1,3
1628,2,2
1629,2,2
1630,1,3
1631,2,2
1632,2,3
1633,1,1
1634,1,3
1635,1,3
1636,2,1
1637,1,1
1638,2,1
1639,2,1
1640,1,3
1641,2,2
1642,2,2
1643,2,3
1644,1,3
1645,2,3
1646,2,3
1647,2,2
1648,1,3
1649,2,4
1650,2,2
1651,2,1
1652,2,2
1653,1,3
1654,1,1
1655,1,4
1656,2,1
1657,2,2
1658,1,1
1659,1,4
1660,2,2
1661,2,3
1662,2,2
1663,1,2
1664,2,1
1665,2,1
1666,1,2
1667,2,3
1668,2,2
1669,1,1
1670,2,1
1671,2,1
1672,1,1
1673,2,3
1674,1,3
1675,2,3
1676,2,3
1677,2,1
1678,2,3
1679,1,3
1680,1,2
1681,1,3
1682,2,3
1683,1,3
1684,2,3
1685,2,2
1686,2,3
1687,2,1
1688,2,2
1689,2,4
1690,2,1
1691,1,2
1692,2,2
1693,2,1
1694,2,3
1695,1,1
1696,2,1
1697,1,3
1698,1,3
1699,2,1
1700,2,3
1701,1,3
1702,2,3
1703,2,2
1704,1,2
1705,2,3
1706,1,2
1707,1,3
1708,1,1
1709,1,1
1710,2,3
1711,2,1
1712,2,3
1713,2,2
1714,1,4
1715,2,3
1716,2,2
1717,2,1
1718,1,3
1719,2,1
1720,2,1
1721,2,2
1722,1,1
1723,2,1
1724,2,1
1725,1,2
1726,1,4
1727,2,2
1728,2,2
1729,2,1
1730,2,2
1731,2,1
1732,2,2
1733,1,2
1734,2,2
1735,1,2
1736,1,4
1737,2,2
1738,2,1
1739,2,1
1740,1,1
1741,2,3
1742,1,1
1743,2,4
1744,1,1
1745,2,1
1746,1,4
1747,2,1
1748,2,4
1749,1,1
1750,1,2
1751,1,1
1752,1,1
1753,2,2
1754,2,3
1755,2,4
1756,2,2
1757,2,3
1758,1,1
1759,1,4
1760,1,3
1761,2,4
1762,2,1
1763,2,3
1764,2,1
1765,2,4
1766,2,1
1767,2,3
1768,2,4
1769,2,3
1770,2,2
1771,1,2
1772,2,2
1773,2,1
1774,1,1
1775,2,3
1776,1,3
1777,2,2
1778,1,2
1779,2,3
1780,1,2
1781,2,1
1782,2,1
1783,2,1
1784,2,3
1785,1,3
1786,1,2
1787,2,2
1788,2,1
1789,2,1
1790,2,1
1791,2,1
1792,2,1
1793,1,3
1794,1,3
1795,2,1
1796,1,1
1797,2,1
1798,2,1
1799,2,2
1800,2,1
1801,2,2
1802,2,1
1803,1,3
1804,2,2
1805,2,3
1806,1,3
1807,1,1
1808,2,2
1809,1,2
1810,2,4
1811,2,3
1812,2,2
1813,2,1
1814,2,1
1815,2,3
1816,1,1
1817,1,2
1818,2,1
1819,2,1
1820,1,2
1821,1,4
1822,1,4
1823,1,4
1824,2,2
1825,1,3
1826,2,1
1827,1,2
1828,2,3
1829,1,3
1830,2,3
1831,1,3
1832,2,1
1833,2,3
1834,2,2
1835,2,3
1836,2,2
1837,1,4
1838,2,2
1839,2,2
1840,2,2
1841,1,4
1842,2,2
1843,2,2
1844,2,3
1845,1,2
1846,1,1
1847,1,1
1848,2,2
1849,1,2
1850,2,3
1851,2,2
1852,2,1
1853,2,3
1854,2,3
1855,2,4
1856,2,1
1857,1,3
1858,1,4
1859,1,3
1860,1,4
1861,2,2
1862,2,1
1863,1,2
1864,2,3
1865,1,4
1866,1,2
1867,2,3
1868,2,2
1869,1,4
1870,2,3
1871,1,2
1872,1,1
1873,2,2
1874,2,1
1875,2,2
1876,2,3
1877,1,3
1878,2,2
1879,2,2
1880,2,2
1881,2,2
1882,2,1
1883,2,2
1884,1,2
1885,1,1
1886,1,2
1887,2,3
1888,2,1
1889,2,3
1890,2,3
1891,2,2
1892,2,1
1893,1,1
1894,1,2
1895,2,4
1896,2,2
1897,2,2
1898,2,1
1899,1,1
1900,2,1
1901,1,4
1902,2,4
1903,1,3
1904,1,1
1905,2,2
1906,2,1
1907,2,2
1908,2,2
1909,1,2
1910,2,4
1911,1,1
1912,1,1
1913,1,1
1914,1,3
1915,2,3
1916,1,3
1917,1,2
1918,2,1
1919,1,2
1920,2,3
1921,2,1
1922,1,3
1923,2,1
1924,2,1
1925,2,2
1926,1,1
1927,1,1
1928,2,1
1929,1,3
1930,2,3
1931,1,2
1932,2,1
1933,2,1
1934,1,1
1935,2,3
1936,1,3
1937,1,4
1938,1,4
1939,2,1
1940,2,2
1941,2,1
1942,1,4
1943,1,3
1944,1,1
1945,2,1
1946,2,1
1947,2,2
1948,2,2
1949,1,2
1950,1,3
1951,1,3
1952,2,4
1953,2,2
1954,1,4
1955,2,2
1956,1,1
1957,2,3
1958,2,2
1959,1,1
1960,1,3
1961,2,1
1962,2,2
1963,2,1
1964,1,1
1965,2,2
1966,2,2
1967,1,3
1968,2,3
1969,2,3
1970,1,2
1971,1,3
1972,1,4
1973,2,3
1974,2,2
1975,2,1
1976,2,4
1977,2,2
1978,2,4
1979,1,3
1980,2,1
1981,2,1
1982,1,1
1983,2,3
1984,2,1
1985,1,3
1986,1,4
1987,2,2
1988,2,3
1989,2,2
1990,1,1
1991,1,4
1992,2,2
1993,2,2
1994,1,1
1995,2,2
1996,2,2
1997,2,1
1998,1,1
1999,1,3
2000,2,2
2001,1,2
2002,2,1
2003,2,4
2004,1,3
2005,2,3
2006,2,3
2007,1,3
2008,2,2
2009,1,4
2010,2,4
2011,1,2
2012,1,2
2013,2,2
2014,2,1
2015,2,3
2016,2,1
2017,1,2
2018,2,1
2019,1,2
2020,2,1
2021,1,1
2022,1,4
2023,1,1
2024,2,2
2025,2,3
2026,1,1
2027,2,3
2028,2,2
2029,2,2
2030,1,1
2031,2,3
2032,2,1
2033,2,1
2034,2,2
2035,1,2
2036,2,3
2037,2,3
2038,2,2
2039,2,2
2040,2,1
2041,2,1
2042,2,2
2043,2,1
2044,1,2
2045,2,2
2046,2,2
2047,2,2
2048,2,2
2049,2,1
2050,1,1
2051,1,1
2052,2,1
2053,1,1
2054,2,3
2055,2,3
2056,2,3
2057,2,1
2058,1,3
2059,2,1
2060,2,1
2061,1,1
2062,2,4
2063,2,3
2064,2,1
2065,2,1
2066,2,1
2067,2,2
2068,2,2
2069,1,3
2070,2,3
2071,1,2
2072,1,2
2073,1,3
2074,2,3
2075,2,2
2076,1,3
2077,2,1
2078,1,3
2079,1,1
2080,2,1
2081,2,1
2082,2,3
2083,2,1
2084,1,3
2085,1,1
2086,2,2
2087,1,1
2088,2,3
2089,2,1
2090,2,3
2091,1,4
2092,1,3
2093,1,4
2094,1,2
2095,2,1
2096,1,1
2097,2,1
2098,2,3
2099,1,1
2100,2,1
2101,1,2
2102,2,4
2103,1,3
2104,2,1
2105,2,3
2106,2,3
2107,1,3
2108,1,3
2109,1,4
2110,2,3
2111,2,3
2112,1,1
2113,2,4
2114,1,1
2115,2,2
2116,2,1
2117,1,2
2118,1,3
2119,2,2
2120,1,1
2121,2,4
2122,2,1
2123,1,2
2124,1,2
2125,2,2
2126,2,2
2127,1,4
2128,2,4
2129,1,3
2130,2,2
2131,1,2
2132,1,2
2133,1,3
2134,2,2
2135,1,1
2136,1,4
2137,2,1
2138,2,2
2139,2,3
2140,1,3
2141,1,1
2142,2,1
2143,2,2
2144,2,4
2145,1,2
2146,2,2
2147,2,1
2148,2,1
2149,2,1
2150,1,1
2151,2,3
2152,1,4
2153,2,1
2154,2,2
2155,2,1
2156,2,1
2157,1,3
2158,1,2
2159,1,1
2160,2,1
2161,1,2
2162,2,2
2163,2,2
2164,2,4
2165,2,1
2166,2,1
2167,2,2
2168,1,2
2169,2,3
2170,1,3
2171,2,2
2172,2,1
2173,1,1
2174,2,1
2175,2,2
2176,1,2
2177,2,4
2178,2,3
2179,1,4
2180,2,3
2181,1,3
2182,2,2
2183,2,2
2184,1,3
2185,2,4
2186,1,1
2187,2,1
2188,2,2
2189,2,4
2190,2,3
2191,1,2
2192,2,1
2193,2,1
2194,2,4
2195,1,4
2196,2,3
2197,1,2
2198,1,1
2199,2,2
2200,1,2
2201,1,2
2202,2,2
2203,2,4
2204,2,1
2205,1,2
2206,1,3
2207,1,1
2208,2,2
2209,1,3
2210,2,2
2211,2,3
2212,1,1
2213,1,4
2214,2,3
2215,2,2
2216,2,2
2217,1,2
2218,2,1
2219,2,2
2220,2,2
2221,2,2
2222,1,3
2223,2,1
2224,2,3
2225,2,1
2226,2,4
2227,1,3
2228,2,3
2229,1,2
2230,2,1
2231,1,2
2232,1,2
2233,1,3
2234,2,2
2235,1,3
2236,2,3
2237,1,4
2238,2,2
2239,2,2
2240,2,2
2241,2,3
2242,2,3
2243,2,2
2244,2,1
2245,2,3
2246,1,2
2247,1,4
2248,2,4
2249,2,2
2250,1,3
2251,2,1
2252,2,2
2253,2,3
2254,1,2
2255,1,1
2256,1,1
2257,2,3
2258,2,2
2259,1,3
2260,2,2
2261,2,2
2262,2,3
2263,2,2
2264,2,3
2265,2,3
2266,2,2
2267,1,4
2268,2,4
2269,1,4
2270,2,2
2271,1,4
2272,2,3
2273,2,1
2274,2,1
2275,1,4
2276,1,3
2277,2,3
2278,1,2
2279,1,1
2280,2,1
2281,1,4
2282,2,4
2283,2,1
2284,1,1
2285,1,3
2286,2,1
2287,1,1
2288,1,1
2289,2,1
2290,2,1
2291,2,3
2292,1,2
2293,2,2
2294,1,4
2295,1,3
2296,2,4
2297,2,2
2298,2,2
2299,2,2
2300,2,4
2301,1,2
2302,2,3
2303,2,1
2304,1,3
2305,2,2
2306,2,3
2307,2,2
2308,2,3
2309,2,3
2310,2,1
2311,2,2
2312,2,1
2313,1,2
2314,2,2
2315,1,1
2316,2,3
2317,1,1
2318,2,2
2319,1,3
2320,1,3
2321,2,2
2322,2,1
2323,2,4
2324,1,2
2325,2,2
2326,2,3
2327,2,2
2328,1,1
2329,2,3
2330,2,4
2331,2,2
2332,2,3
2333,2,3
2334,2,1
2335,1,3
2336,1,2
2337,1,2
2338,2,1
2339,2,1
2340,1,3
2341,2,2
2342,2,2
2343,2,3
2344,1,1
2345,1,3
2346,1,3
2347,1,2
2348,2,1
2349,2,1
2350,1,3
2351,1,1
2352,2,1
2353,1,3
2354,2,4
2355,2,3
2356,1,1
2357,1,2
2358,2,1
2359,2,3
2360,1,1
2361,2,1
2362,2,1
2363,1,1
2364,2,2
2365,2,3
2366,2,1
2367,2,2
2368,2,2
2369,2,2
2370,1,1
2371,1,4
2372,2,3
2373,2,4
2374,2,3
2375,2,3
2376,2,2
2377,1,2
2378,1,3
2379,2,4
2380,1,2
2381,1,3
2382,1,4
2383,2,2
2384,2,2
2385,2,3
2386,2,3
2387,2,2
2388,2,2
2389,2,1
2390,2,2
2391,2,1
2392,2,3
2393,2,1
2394,1,3
2395,1,1
2396,2,1
2397,1,4
2398,2,3
2399,1,2
2400,1,1
2401,2,1
2402,2,2
2403,1,3
2404,1,4
2405,2,2
2406,2,2
2407,2,1
2408,1,2
2409,2,2
2410,2,4
2411,2,1
2412,2,1
2413,1,1
2414,1,3
2415,2,3
2416,2,2
2417,2,3
2418,1,4
2419,2,2
2420,1,2
2421,1,1
2422,1,2
2423,1,3
2424,2,4
2425,2,3
2426,2,1
2427,2,1
2428,2,3
2429,1,3
2430,2,1
2431,2,2
2432,2,1
2433,2,1
2434,2,1
2435,1,2
2436,2,4
2437,1,4
2438,1,3
2439,1,4
2440,2,2
2441,2,1
2442,1,1
2443,2,3
2444,2,1
2445,2,1
2446,2,2
2447,1,2
2448,2,2
2449,2,3
2450,1,3
2451,1,2
2452,2,3
2453,2,4
2454,1,1
2455,2,1
2456,1,1
2457,2,2
2458,1,3
2459,2,3
2460,2,4
2461,2,1
2462,1,3
2463,2,2
2464,1,2
2465,1,2
2466,2,2
2467,2,1
2468,1,3
2469,1,3
2470,1,2
2471,2,3
2472,1,3
2473,1,4
2474,2,3
2475,1,1
2476,2,1
2477,2,1
2478,2,1
2479,1,1
2480,1,1
2481,2,1
2482,2,3
2483,1,4
2484,2,2
2485,2,2
2486,2,4
2487,2,2
2488,1,2
2489,1,2
2490,1,3
2491,1,1
2492,1,3
2493,2,2
2494,1,3
2495,2,3
2496,1,1
2497,2,1
2498,2,3
2499,1,4
2500,2,1
2501,2,1
2502,1,2
2503,2,3
2504,1,1
2505,2,2
2506,1,1
2507,2,2
2508,2,2
2509,2,1
2510,2,3
2511,2,1
2512,2,1
2513,2,2
2514,1,3
2515,2,1
2516,2,1
2517,1,2
2518,2,2
2519,2,2
2520,1,2
2521,1,2
2522,1,2
2523,2,4
2524,1,4
2525,2,4
2526,1,1
2527,2,2
2528,1,3
2529,2,2
2530,1,3
2531,2,4
2532,1,3
2533,2,2
2534,2,2
2535,2,1
2536,1,1
2537,2,2
2538,1,3
2539,2,3
2540,2,2
2541,1,2
2542,2,3
2543,2,3
2544,2,3
2545,1,3
2546,1,2
2547,2,1
2548,2,2
2549,2,1
2550,2,1
2551,1,2
2552,1,3
2553,1,2
2554,2,1
2555,2,3
2556,1,3
2557,2,2
2558,1,4
2559,2,4
2560,2,4
2561,2,3
2562,2,3
2563,2,3
2564,2,1
2565,2,3
2566,2,1
2567,2,3
2568,2,4
2569,1,2
2570,1,1
2571,2,1
2572,2,1
2573,2,2
2574,2,4
2575,2,4
2576,1,4
2577,1,4
2578,2,2
2579,1,1
2580,1,2
2581,1,3
2582,2,2
2583,2,2
2584,1,1
2585,1,2
2586,2,3
2587,1,4
2588,2,3
2589,2,1
2590,2,1
2591,2,2
2592,2,3
2593,2,4
2594,1,1
2595,1,2
2596,2,1
2597,2,3
2598,1,2
2599,1,2
2600,1,4
2601,2,2
2602,1,2
2603,2,2
2604,2,2
2605,1,4
2606,1,2
2607,2,1
2608,2,2
2609,2,2
2610,2,1
2611,2,1
2612,2,1
2613,2,1
2614,2,1
2615,1,4
2616,2,1
2617,2,2
2618,1,1
2619,2,3
2620,2,3
2621,1,1
2622,2,1
2623,1,3
2624,1,2
2625,2,2
2626,1,4
2627,2,1
2628,2,2
2629,2,2
2630,2,1
2631,2,3
2632,2,2
2633,2,2
2634,2,1
2635,2,3
2636,1,1
2637,2,3
2638,1,4
2639,1,2
2640,2,2
2641,2,1
2642,2,3
2643,2,2
2644,2,2
2645,2,2
2646,1,2
2647,1,1
2648,1,1
2649,2,1
2650,1,1
2651,2,2
2652,2,1
2653,2,1
2654,1,1
2655,2,2
2656,2,1
2657,2,1
2658,2,3
2659,2,1
2660,2,2
2661,2,3
2662,2,2
2663,1,3
2664,2,1
2665,2,2
2666,2,2
2667,2,1
2668,2,2
2669,1,2
2670,1,4
2671,2,3
2672,2,1
2673,1,1
2674,2,4
2675,1,1
2676,2,3
2677,2,2
2678,2,2
2679,2,2
2680,1,3
2681,1,3
2682,1,2
2683,2,1
2684,1,3
2685,1,4
2686,1,1
2687,1,1
2688,2,4
2689,2,1
2690,1,1
2691,1,2
2692,2,3
2693,1,4
2694,2,3
2695,1,3
2696,1,1
2697,2,3
2698,1,3
2699,2,1
2700,2,1
2701,1,2
2702,2,1
2703,2,1
2704,2,1
2705,1,1
2706,2,2
2707,1,1
2708,2,2
2709,1,4
2710,2,2
2711,2,2
2712,2,3
2713,1,3
2714,1,3
2715,2,3
2716,2,4
2717,1,1
2718,1,1
2719,2,2
2720,1,1
2721,2,2
2722,2,2
2723,1,1
2724,1,3
2725,2,1
2726,2,2
2727,1,2
2728,2,2
2729,1,1
2730,1,2
2731,2,3
2732,1,2
2733,2,2
2734,1,1
2735,2,2
2736,2,4
2737,2,2
2738,2,1
2739,1,3
2740,2,3
2741,2,2
2742,1,3
2743,2,1
2744,2,2
2745,1,1
2746,2,1
2747,1,1
2748,1,1
2749,1,3
2750,1,4
2751,1,1
2752,1,3
2753,2,2
2754,2,1
2755,1,1
2756,2,1
2757,1,1
2758,1,1
2759,2,3
2760,2,2
2761,1,1
2762,1,2
2763,2,1
2764,2,3
2765,1,4
2766,2,2
2767,2,3
2768,2,2
2769,2,1
2770,2,2
2771,1,4
2772,2,1
2773,2,2
2774,2,2
2775,2,2
2776,1,2
2777,1,3
2778,2,1
2779,1,3
2780,1,3
2781,1,2
2782,2,2
2783,1,2
2784,2,4
2785,2,1
2786,2,1
2787,2,3
2788,2,3
2789,2,1
2790,2,1
2791,2,2
2792,1,3
2793,2,4
2794,2,2
2795,1,3
2796,2,1
2797,1,1
2798,1,4
2799,1,4
2800,2,2
2801,2,3
2802,1,1
2803,2,1
2804,1,2
2805,2,2
2806,2,1
2807,2,1
2808,2,2
2809,2,3
2810,1,3
2811,1,2
2812,2,2
2813,1,1
2814,1,2
2815,2,3
2816,2,1
2817,1,2
2818,1,2
2819,2,3
2820,1,3
2821,2,2
2822,2,1
2823,2,2
2824,2,3
2825,1,3
2826,2,1
2827,2,1
2828,2,2
2829,2,1
2830,2,2
2831,2,2
2832,2,3
2833,2,1
2834,1,1
2835,1,2
2836,2,1
2837,1,3
2838,1,4
2839,1,3
2840,2,2
2841,1,4
2842,1,4
2843,2,4
2844,2,1
2845,2,1
2846,2,1
2847,2,1
2848,2,2
2849,2,2
2850,1,2
2851,1,2
2852,1,3
2853,2,1
2854,2,2
2855,1,3
2856,2,1
2857,2,2
2858,1,4
2859,2,4
2860,2,2
2861,2,1
2862,2,1
2863,1,1
2864,2,2
2865,1,2
2866,1,3
2867,2,4
2868,2,4
2869,1,2
2870,2,2
2871,1,2
2872,1,1
2873,1,1
2874,1,2
2875,2,1
2876,2,3
2877,1,2
2878,2,2
2879,2,1
2880,1,4
2881,2,3
2882,2,3
2883,2,2
2884,1,1
2885,2,1
2886,2,1
2887,2,1
2888,2,1
2889,2,1
2890,2,1
2891,2,1
2892,2,2
2893,2,1
2894,1,2
2895,1,2
2896,2,2
2897,2,1
2898,2,1
2899,2,1
2900,2,2
2901,2,2
2902,1,4
2903,2,3
2904,2,2
2905,1,3
2906,1,4
2907,1,3
2908,1,4
2909,1,3
2910,2,3
2911,2,2
2912,2,4
2913,1,1
2914,1,1
2915,1,3
2916,2,1
2917,1,1
2918,1,3
2919,1,1
2920,2,1
2921,1,3
2922,2,2
2923,1,1
2924,2,2
2925,1,1
2926,1,4
2927,1,4
2928,1,2
2929,2,2
2930,2,3
2931,2,1
2932,2,1
2933,2,2
2934,2,3
2935,2,2
2936,2,2
2937,1,3
2938,2,2
2939,1,2
2940,2,1
2941,2,2
2942,2,2
2943,2,4
2944,2,2
2945,2,1
2946,2,1
2947,1,3
2948,2,2
2949,2,1
2950,2,3
2951,2,4
2952,2,2
2953,2,2
2954,2,2
2955,2,3
2956,1,2
2957,1,4
2958,1,3
2959,2,2
2960,2,2
2961,2,1
2962,1,1
2963,2,3
2964,2,2
2965,1,4
2966,2,1
2967,1,3
2968,1,4
2969,1,1
2970,1,4
2971,1,1
2972,2,1
2973,2,4
2974,1,2
2975,2,2
2976,1,2
2977,2,2
2978,2,4
2979,1,3
2980,1,3
2981,1,3
2982,1,3
2983,1,3
2984,2,1
2985,2,3
2986,1,2
2987,1,1
2988,1,3
2989,1,3
2990,1,3
2991,2,4
2992,1,3
2993,1,3
2994,2,3
2995,2,3
2996,1,2
2997,2,1
2998,2,1
2999,1,3
3000,2,2
3001,1,3
3002,1,1
3003,2,2
3004,2,3
3005,2,3
3006,1,1
3007,1,1
3008,2,1
3009,2,2
3010,2,1
3011,2,1
3012,2,2
3013,2,1
3014,2,3
3015,2,2
3016,2,2
3017,2,2
3018,2,1
3019,2,3
3020,1,3
3021,2,3
3022,2,1
3023,1,1
3024,1,2
3025,2,1
3026,1,1
3027,1,2
3028,2,3
3029,2,3
3030,1,2
3031,2,2
3032,2,1
3033,2,2
3034,1,3
3035,2,3
3036,1,3
3037,2,2
3038,2,1
3039,1,1
3040,1,4
3041,1,1
3042,2,1
3043,2,3
3044,2,2
3045,2,4
3046,1,2
3047,2,2
3048,1,1
3049,1,2
3050,2,1
3051,2,2
3052,1,4
3053,2,2
3054,1,1
3055,2,2
3056,2,1
3057,1,3
3058,2,3
3059,2,1
3060,2,1
3061,2,1
3062,2,2
3063,2,3
3064,1,1
3065,1,3
3066,2,3
3067,2,3
3068,1,4
3069,1,1
3070,2,1
3071,2,3
3072,2,1
3073,2,2
3074,2,2
3075,1,3
3076,2,2
3077,2,2
3078,1,1
3079,1,3
3080,2,1
3081,1,3
3082,1,2
3083,1,1
3084,1,1
3085,1,3
3086,2,3
3087,2,2
3088,1,4
3089,2,4
3090,1,4
3091,2,3
3092,2,1
3093,1,4
3094,1,2
3095,2,3
3096,1,1
3097,1,4
3098,1,3
3099,2,3
3100,2,4
3101,2,2
3102,2,1
3103,1,1
3104,1,1
3105,2,1
3106,1,3
3107,2,3
3108,1,1
3109,1,2
3110,2,3
3111,2,3
3112,2,4
3113,1,3
3114,2,1
3115,2,2
3116,2,3
3117,2,1
3118,2,3
3119,2,2
3120,1,1
3121,1,2
3122,2,2
3123,2,2
3124,1,3
3125,1,2
3126,2,3
3127,1,2
3128,1,4
3129,1,2
3130,1,2
3131,2,2
3132,1,3
3133,2,2
3134,1,2
3135,1,1
3136,2,3
3137,2,3
3138,2,2
3139,2,1
3140,1,3
3141,2,3
3142,1,4
3143,1,2
3144,2,1
3145,2,3
3146,1,3
3147,2,3
3148,1,4
3149,2,3
3150,2,1
3151,2,3
3152,2,3
3153,2,3
3154,1,2
3155,2,1
3156,2,4
3157,2,3
3158,1,3
3159,1,3
3160,1,2
3161,2,3
3162,1,3
3163,2,3
3164,1,1
3165,2,2
3166,2,1
3167,1,2
3168,1,4
3169,1,3
3170,2,2
3171,2,2
3172,1,2
3173,2,1
3174,2,1
3175,2,2
3176,1,3
3177,1,1
3178,2,2
3179,1,1
3180,2,1
3181,2,4
3182,2,1
3183,2,2
3184,1,3
3185,1,2
3186,2,2
3187,2,2
3188,2,2
3189,1,3
3190,1,2
3191,1,3
3192,2,3
3193,2,2
3194,2,4
3195,2,2
3196,1,2
3197,2,4
3198,1,2
3199,2,3
3200,2,2
3201,1,3
3202,2,2
3203,2,2
3204,1,4
3205,1,2
3206,2,1
3207,2,1
3208,1,4
3209,1,4
3210,1,2
3211,1,1
3212,1,3
3213,1,2
3214,1,3
3215,2,3
3216,1,4
3217,1,3
3218,2,3
3219,2,2
3220,1,2
3221,2,1
3222,2,1
3223,2,2
3224,2,2
3225,1,1
3226,1,2
3227,2,4
3228,1,1
3229,1,1
3230,1,1
3231,2,3
3232,1,1
3233,2,1
3234,2,1
3235,1,1
3236,2,1
3237,1,1
3238,2,2
3239,1,3
3240,2,3
3241,2,2
3242,1,2
3243,1,4
3244,1,4
3245,1,4
3246,2,1
3247,1,3
3248,1,3
3249,2,4
3250,2,3
3251,1,1
3252,2,4
3253,2,1
3254,1,2
3255,2,3
3256,2,2
3257,1,3
3258,2,3
3259,2,3
3260,2,3
3261,2,2
3262,2,1
3263,2,3
3264,2,1
3265,2,3
3266,2,4
3267,2,4
3268,2,1
3269,1,1
3270,1,4
3271,1,2
3272,2,2
3273,2,1
3274,1,3
3275,1,4
3276,1,3
3277,2,1
3278,2,2
3279,2,2
3280,1,2
3281,1,4
3282,2,3
3283,2,3
3284,2,1
3285,1,3
3286,1,1
3287,2,2
3288,1,3
3289,1,2
3290,1,1
3291,2,1
3292,2,2
3293,1,1
3294,2,1
3295,1,3
3296,2,4
3297,2,2
3298,1,1
3299,1,4
3300,1,3
3301,1,3
3302,2,2
3303,1,2
3304,2,1
3305,1,1
3306,1,3
3307,2,3
3308,2,1
3309,2,1
3310,1,3
3311,2,3
3312,1,2
3313,2,2
3314,2,3
3315,2,2
3316,1,3
3317,1,3
3318,1,4
3319,2,3
3320,2,2
3321,2,1
3322,1,1
3323,1,4
3324,2,1
3325,2,1
3326,2,2
3327,2,3
3328,2,3
3329,1,2
3330,1,1
3331,2,1
3332,2,2
3333,2,1
3334,2,2
3335,1,3
3336,1,4
3337,2,2
3338,1,3
3339,2,2
3340,2,2
3341,2,2
3342,2,4
3343,2,1
3344,2,2
3345,2,3
3346,2,2
3347,2,1
3348,2,3
3349,1,4
3350,1,3
3351,1,4
3352,1,3
3353,2,2
3354,2,2
3355,2,4
3356,1,3
3357,1,2
3358,2,2
3359,2,3
3360,2,2
3361,2,2
3362,2,1
3363,1,4
3364,1,3
3365,2,2
3366,1,4
3367,1,4
3368,1,2
3369,1,2
3370,2,1
3371,2,4
3372,1,1
3373,1,4
3374,2,1
3375,2,3
3376,2,3
3377,2,2
3378,1,2
3379,2,1
3380,1,3
3381,2,1
3382,2,1
3383,2,2
3384,2,2
3385,2,1
3386,2,3
3387,2,2
3388,1,2
3389,1,1
3390,1,4
3391,2,3
3392,1,1
3393,1,3
3394,1,3
3395,2,2
3396,2,4
3397,1,4
3398,2,1
3399,1,4
3400,1,3
3401,2,2
3402,2,3
3403,1,2
3404,2,2
3405,2,1
3406,1,2
3407,2,3
3408,1,2
3409,2,4
3410,2,4
3411,1,1
3412,1,2
3413,1,4
3414,2,3
3415,1,3
3416,1,3
3417,1,4
3418,1,3
3419,1,2
3420,2,4
3421,2,3
3422,2,3
3423,1,4
3424,1,3
3425,1,3
3426,1,4
3427,2,2
3428,2,2
3429,1,2
3430,2,2
3431,2,3
3432,2,3
3433,1,3
3434,2,4
3435,2,3
3436,2,3
3437,1,2
3438,1,2
3439,1,3
3440,2,4
3441,2,2
3442,1,4
3443,2,3
3444,1,3
3445,1,4
3446,2,4
3447,2,3
3448,1,3
3449,1,2
3450,2,1
3451,1,4
3452,2,3
3453,1,3
3454,2,1
3455,2,3
3456,2,1
3457,2,4
3458,1,3
3459,2,1
3460,2,2
3461,2,3
3462,1,1
3463,2,4
3464,1,3
3465,2,2
3466,2,1
3467,2,3
3468,2,2
3469,2,1
3470,1,3
3471,1,1
3472,2,2
3473,2,2
3474,2,3
3475,2,2
3476,1,3
3477,2,2
3478,1,1
3479,2,1
3480,1,3
3481,1,4
3482,2,3
3483,1,2
3484,2,4
3485,2,4
3486,1,4
3487,1,4
3488,1,3
3489,1,2
3490,1,2
3491,2,1
3492,2,1
3493,2,2
3494,2,4
3495,2,2
3496,1,2
3497,1,2
3498,1,3
3499,2,3
3500,1,3
3501,2,2
3502,2,4
3503,2,2
3504,2,2
3505,1,1
3506,2,3
3507,2,1
3508,1,3
3509,2,1
3510,1,1
3511,1,2
3512,2,2
3513,2,4
3514,2,4
3515,2,2
3516,2,2
3517,1,2
3518,2,1
3519,1,1
3520,2,1
3521,2,2
3522,2,2
3523,1,3
3524,1,2
3525,2,3
3526,2,1
3527,2,1
3528,2,3
3529,2,2
3530,2,2
3531,1,4
3532,2,1
3533,1,4
3534,2,4
3535,1,4
3536,2,3
3537,1,4
3538,2,1
3539,1,2
3540,2,2
3541,2,1
3542,2,1
3543,2,2
3544,2,2
3545,1,4
3546,2,3
3547,2,1
3548,2,3
3549,2,1
3550,2,2
3551,1,3
3552,1,2
3553,2,2
3554,2,2
3555,1,4
3556,2,3
3557,1,4
3558,2,3
3559,2,3
3560,2,2
3561,2,2
3562,2,3
3563,1,1
3564,2,1
3565,1,1
3566,2,2
3567,1,2
3568,2,1
3569,1,3
3570,1,3
3571,1,1
3572,2,1
3573,2,2
3574,1,1
3575,1,1
3576,2,3
3577,2,3
3578,1,3
3579,1,3
3580,1,1
3581,1,4
3582,2,3
3583,2,2
3584,2,3
3585,2,1
3586,2,4
3587,1,2
3588,2,3
3589,2,3
3590,2,3
3591,2,4
3592,2,1
3593,2,3
3594,2,4
3595,2,3
3596,2,2
3597,2,3
3598,1,3
3599,2,3
3600,1,2
3601,2,2
3602,1,2
3603,2,1
3604,1,1
3605,1,1
3606,1,1
3607,1,1
3608,2,1
3609,2,3
3610,2,2
3611,2,1
3612,1,3
3613,2,3
3614,1,3
3615,2,2
3616,1,4
3617,2,3